;             
CREATE USER IF NOT EXISTS USER SALT '0189e055eabf5c6c' HASH '905c4e21dc26743691645d8663bc8fdca4f85b050c17a499007bdce607c6ac5c' ADMIN;         
CREATE USER IF NOT EXISTS SA SALT 'd78cfefa40be7807' HASH '25bc9c6e6e1b08bbfbaff264dcc01de7763af03117fd3899cb2947709587e88d' ADMIN;           
CREATE SEQUENCE PUBLIC.SYSTEM_SEQUENCE_34CCC88E_74BF_425C_BC09_E00CF606AC62 START WITH 203 BELONGS_TO_TABLE;  
CREATE SEQUENCE PUBLIC.SYSTEM_SEQUENCE_FA3F5B9C_1E19_4C3F_8C76_67F66E4B8C76 START WITH 157 BELONGS_TO_TABLE;  
CREATE CACHED TABLE PUBLIC.USER(
    ID INT DEFAULT (NEXT VALUE FOR PUBLIC.SYSTEM_SEQUENCE_34CCC88E_74BF_425C_BC09_E00CF606AC62) NOT NULL NULL_TO_DEFAULT SEQUENCE PUBLIC.SYSTEM_SEQUENCE_34CCC88E_74BF_425C_BC09_E00CF606AC62,
    CHAT_ID INT,
    NAME TEXT,
    ADDED_BY INT
);      
ALTER TABLE PUBLIC.USER ADD CONSTRAINT PUBLIC.CONSTRAINT_2 PRIMARY KEY(ID);   
-- 24 +/- SELECT COUNT(*) FROM PUBLIC.USER;   
INSERT INTO PUBLIC.USER(ID, CHAT_ID, NAME, ADDED_BY) VALUES
(1, 43394658, STRINGDECODE('\u0414\u0430\u043d\u0438\u044f\u0440'), 43394658),
(33, 338849363, STRINGDECODE('\u0414\u0430\u043d\u0438\u044f\u0440'), 43394658),
(34, 308095250, STRINGDECODE('\u0414\u0430\u0443\u0440\u0435\u043d \u0410\u0441\u0442\u0430\u043d\u0430'), 293188753),
(35, 264755203, STRINGDECODE('\u0416\u0430\u043d\u0438\u0431\u0435\u043a \u0423\u043b\u044b\u043a\u0431\u0435\u043a\u043e\u0432'), 308095250),
(65, 338849363, STRINGDECODE('\u0414\u0430\u043d\u0438\u044f\u0440'), 43394658),
(66, 293188753, STRINGDECODE('\u0415\u0440\u0430\u0441\u044b\u043b \u0422\u0443\u0440\u043b\u044b\u0433\u0430\u0436\u044b'), 264755203),
(97, 264755203, STRINGDECODE('\u0416\u0430\u043d\u0438\u0431\u0435\u043a'), 293188753),
(129, 293188753, STRINGDECODE('\u0415\u0440\u0430\u0441\u044b\u043b \u0422\u0443\u0440\u043b\u044b\u0433\u0430\u0436\u044b'), 308095250),
(161, 308095250, STRINGDECODE('\u0414\u0430\u0443\u0440\u0435\u043d'), 264755203),
(162, 264755203, STRINGDECODE('\u0416\u0430\u043d\u0438\u0431\u0435\u043a QBots'), 147523843),
(163, 138630681, STRINGDECODE('\u0421\u0430\u0440\u044b\u0410\u0440\u043a\u0430'), 147523843),
(164, 240711759, STRINGDECODE('\u0411\u0435\u043a\u0437\u0430\u0442'), 147523843),
(165, 138630681, STRINGDECODE('\u0421\u0430\u0440\u044b\u0410\u0440\u043a\u0430 \u0416\u0430\u043a\u0441\u044b\u043b\u044b\u043a'), 147523843),
(166, 62182672, STRINGDECODE('\u0416\u0435\u043d\u0438\u0441\u0433\u0443\u043b\u044c \u041a\u0430\u043d\u0436\u0430\u043d\u043e\u0432\u0430'), 138630681),
(193, 274543892, STRINGDECODE('\u0413\u0430\u043b\u044b\u043c'), 147523843),
(194, 274543892, STRINGDECODE('\u0413\u0430\u043b\u044b\u043c'), 147523843),
(195, 287459571, STRINGDECODE('\u0416\u0430\u043d\u043d\u0430 \u041a\u0430\u0437\u0430\u043d\u0433\u0430\u043f\u043e\u0432\u0430'), 147523843),
(196, 399071209, STRINGDECODE('\u0410\u0431\u0430\u0439 \u0410\u0431\u0434\u0438\u043b\u044c\u043c\u0430\u043d\u043e\u0432'), 147523843),
(197, 287459571, STRINGDECODE('\u0416\u0430\u043d\u043d\u0430 \u041a\u0430\u0437\u0430\u043d\u0433\u0430\u043f\u043e\u0432\u0430'), 147523843),
(198, 147523843, STRINGDECODE('\u0414\u0430\u0443\u0440 2 \u0422\u0435\u043b\u04352'), 147523843),
(199, 187316093, STRINGDECODE('\u0414\u0430\u0440\u0445\u0430\u043d'), 287415300),
(200, 287415300, STRINGDECODE('\u0410\u0434\u043c'), 147523843),
(201, 126624827, STRINGDECODE('\u0410\u043b\u0434\u0435\u043a\u0435'), 147523843),
(202, 287459571, STRINGDECODE('\u0416\u0430\u043d\u043d\u0430'), 287415300);               
CREATE CACHED TABLE PUBLIC.TASK(
    ID INT DEFAULT (NEXT VALUE FOR PUBLIC.SYSTEM_SEQUENCE_FA3F5B9C_1E19_4C3F_8C76_67F66E4B8C76) NOT NULL NULL_TO_DEFAULT SEQUENCE PUBLIC.SYSTEM_SEQUENCE_FA3F5B9C_1E19_4C3F_8C76_67F66E4B8C76,
    USER_ID INT NOT NULL,
    ADDED_BY_USER_ID INT NOT NULL,
    DEADLINE TEXT NOT NULL,
    STATUS INT DEFAULT 2 NOT NULL,
    HAS_AUDIO BOOLEAN NOT NULL,
    VOICE_ID TEXT,
    TEXT TEXT,
    REPORT TEXT,
    CAUSE TEXT,
    DATE_OF_COMPLETION TEXT
);     
-- 63 +/- SELECT COUNT(*) FROM PUBLIC.TASK;   
INSERT INTO PUBLIC.TASK(ID, USER_ID, ADDED_BY_USER_ID, DEADLINE, STATUS, HAS_AUDIO, VOICE_ID, TEXT, REPORT, CAUSE, DATE_OF_COMPLETION) VALUES
(1, 43394658, 43394658, '08.06', 2, FALSE, NULL, STRINGDECODE('\u0412\u043f\u0435\u0440\u0435\u0434!'), NULL, NULL, NULL),
(3, 43394658, 43394658, '08.06', 2, FALSE, NULL, 'GO!', NULL, NULL, NULL),
(4, 43394658, 43394658, '07.06', 2, FALSE, NULL, 'Finish the bot', NULL, NULL, NULL),
(5, 43394658, 43394658, '07.06', 2, FALSE, NULL, 'Finish the bot', NULL, NULL, NULL),
(6, 43394658, 43394658, '08.06', 2, FALSE, NULL, 'Finish the bot', NULL, NULL, NULL),
(7, 43394658, 43394658, '08.06', 2, FALSE, NULL, 'Finish the bot', NULL, NULL, NULL),
(8, 43394658, 43394658, '08.06', 2, FALSE, NULL, STRINGDECODE('\u0417\u0430\u043a\u043e\u043d\u0447\u0438\u0442\u044c \u0431\u043e\u0442\u0430'), NULL, NULL, NULL),
(9, 43394658, 43394658, '08.06', 2, FALSE, NULL, STRINGDECODE('\u0417\u0430\u043a\u043e\u043d\u0447\u0438\u0442\u044c \u0431\u043e\u0442\u0430!!!!'), NULL, NULL, NULL),
(10, 43394658, 43394658, '08.06', 0, FALSE, NULL, STRINGDECODE('\u0412\u044b\u0439\u0442\u0438 \u043f\u043e\u0433\u0443\u043b\u044f\u0442\u044c'), NULL, NULL, NULL),
(11, 43394658, 43394658, '08.06', 3, FALSE, NULL, STRINGDECODE('\u0412\u044b\u0439\u0442\u0438 \u043f\u043e\u0433\u0443\u043b\u044f\u0442\u044c'), NULL, STRINGDECODE('\u041d\u0435 \u0445\u043e\u0447\u0443'), NULL),
(12, 43394658, 43394658, '08.06', 3, FALSE, NULL, STRINGDECODE('\u041f\u043e\u0439\u0442\u0438 \u0433\u0443\u043b\u044f\u0442\u044c'), NULL, STRINGDECODE('\u041d\u0435 \u0445\u043e\u0447\u0443'), NULL),
(13, 43394658, 43394658, '09.06', 3, FALSE, NULL, 'Gjqnb uekznm', NULL, STRINGDECODE('\u043d\u0435 \u0445\u043e\u0447\u0443'), NULL),
(14, 43394658, 43394658, '08.06', 0, FALSE, NULL, STRINGDECODE('\u041a\u0443\u043f\u0438\u0442\u044c \u043c\u043e\u0440\u043e\u0436\u0435\u043d\u043d\u043e\u0435'), NULL, NULL, NULL),
(15, 338849363, 43394658, '11.06', 0, FALSE, NULL, STRINGDECODE('\u0418\u0434\u0442\u0438 \u043a \u043f\u0430\u0440\u043a\u0443'), NULL, NULL, NULL),
(2, 43394658, 43394658, '08.06', 3, FALSE, NULL, STRINGDECODE('\u0412\u0435\u043f\u0435\u0440\u04341'), NULL, STRINGDECODE('\u043a\u0443\u0434\u0430?'), NULL),
(16, 338849363, 43394658, '15.06', 0, FALSE, NULL, STRINGDECODE('\u041f\u043e\u0441\u043c\u043e\u0442\u0440\u0435\u0442\u044c \u0420\u0438\u043a \u0438 \u041c\u043e\u0440\u0442\u0438'), STRINGDECODE('\u041a\u0440\u0443\u0442\u043e\u0439 \u0441\u0435\u0440\u0438\u0430\u043b'), STRINGDECODE('\u0423\u0436\u0435 \u0441\u043c\u043e\u0442\u0440\u0435\u043b'), '07.06'),
(17, 338849363, 43394658, '12.06', 1, FALSE, NULL, STRINGDECODE('\u0412\u044b\u0439\u0434\u0438 \u043d\u0430 \u0443\u043b\u0438\u0446\u0443'), STRINGDECODE('\u0425\u043e\u043b\u043e\u0434\u043d\u043e, \u0438 \u044f \u043d\u0435 \u0432\u0440\u0443'), STRINGDECODE('\u0432\u0440\u0435\u0448\u044c'), '07.06'),
(19, 338849363, 43394658, '14.06', 3, FALSE, NULL, STRINGDECODE('\u0412\u043f\u0435\u0440\u0435\u0434 \u043a \u0441\u0432\u0435\u0442\u043b\u043e\u043c\u0443 \u0431\u0443\u0434\u0443\u0449\u0435\u043c\u0443'), NULL, STRINGDECODE('\u0417\u0430\u0443\u043c\u043d\u043e'), NULL),
(18, 338849363, 43394658, '24.06', 1, FALSE, NULL, STRINGDECODE('\u0417\u0430\u043a\u043e\u043d\u0447\u0438\u0442\u044c \u0443\u043d\u0438\u0432\u0435\u0440'), STRINGDECODE('\u0417\u0430\u043a\u043e\u043d\u0447\u0438\u043b \u0441 \u043a\u0440\u0430\u0441\u043d\u044b\u043c \u0434\u0438\u043f\u043b\u043e\u043c\u043e\u043c'), STRINGDECODE('\u041d\u0443\u0436\u0435\u043d \u043a\u0440\u0430\u0441\u043d\u044b\u0439 \u0434\u0438\u043f\u043b\u043e\u043c!'), '07.06'),
(21, 293188753, 264755203, '07.06', 2, FALSE, NULL, STRINGDECODE('\u0421\u043f\u0430\u0441\u0442\u0438 \u0440\u044f\u0434\u043e\u0432\u043e\u0433\u043e \u0420\u0430\u0439\u043d\u0430'), NULL, NULL, NULL),
(20, 264755203, 308095250, '08.06', 3, FALSE, NULL, STRINGDECODE('\u0421\u0434\u0435\u043b\u0430\u0442\u044c \u0441\u0430\u043b\u044c\u0442\u043e'), NULL, STRINGDECODE('\u041e\u0422\u041a\u0420\u041e\u0419 \u042e\u0422\u0423\u0411 \u0418 \u0423\u0427\u0418\u0421\u042c'), NULL);         
INSERT INTO PUBLIC.TASK(ID, USER_ID, ADDED_BY_USER_ID, DEADLINE, STATUS, HAS_AUDIO, VOICE_ID, TEXT, REPORT, CAUSE, DATE_OF_COMPLETION) VALUES
(22, 264755203, 308095250, '08.06', 3, FALSE, NULL, STRINGDECODE('\u0417\u0430\u0432\u0442\u0440\u0430 \u0443 \u043c\u0435\u043d\u044f \u0441\u044a\u0451\u043c\u043a\u0430 \u0432\u044b\u0445\u043e\u0434\u0438\u0442 \u0432 \u0431\u043e\u0440\u043e\u0432\u043e\u043c'), NULL, STRINGDECODE('\u0416\u0430\u0439'), NULL),
(33, 264755203, 293188753, '18.06', 2, FALSE, NULL, STRINGDECODE('\u041f\u0435\u0440\u0435\u0441\u0442\u0430\u0442\u044c \u0437\u0432\u0430\u0442\u044c \u0441\u0435\u0431\u044f \u0441\u0435\u043e'), NULL, NULL, NULL),
(65, 264755203, 293188753, '17.06', 3, FALSE, NULL, 'fdsaf', NULL, STRINGDECODE('\u042d\u043e\u0442\u043e \u043e\u043e\u043e\u043e\u043b'), NULL),
(66, 293188753, 308095250, '18.06', 0, FALSE, NULL, STRINGDECODE('\u0417\u0430\u0434\u0430\u043d\u0438\u0435 \u043e\u0442 \u043f\u0440\u043e\u0435\u043a\u0442\u0430'), NULL, NULL, NULL),
(97, 293188753, 264755203, '12.06', 4, FALSE, NULL, STRINGDECODE('\u0422\u0435\u0441\u0442'), STRINGDECODE('\u0442\u0435\u0441\u0442 - \u0432\u044b\u043f\u043e\u043b\u043d\u0435\u043d\u043e'), NULL, '12.06'),
(98, 308095250, 264755203, '12.06', 1, FALSE, NULL, STRINGDECODE('\u0422\u0435\u0441\u0442'), STRINGDECODE('\u0412\u0441\u0435 \u043f\u0440\u0438\u0448\u043b\u043e'), NULL, '12.06'),
(100, 308095250, 264755203, '12.06', 1, FALSE, NULL, STRINGDECODE('\u0414\u0430\u0443\u0440\u0435\u043d\u0433\u0435'), STRINGDECODE('\u0414\u0430\u0443\u0440\u0435\u043d \u043f\u043e\u043b\u0443\u0447\u0438\u043b \u0438 \u0432\u044b\u043f\u043e\u043b\u043d\u0438\u043b'), NULL, '12.06'),
(99, 293188753, 264755203, '12.06', 1, FALSE, NULL, STRINGDECODE('\u0415\u0440\u0430\u0441\u044b\u043b\u0433\u0430'), STRINGDECODE('\u0432\u044b\u043f\u043e\u043b\u043d\u0435\u043d\u043e \u0435\u0449\u0435 \u0440\u0430\u0437 \u043e\u0442 \u0415\u0440\u0430\u0441\u044b\u043b\u0430'), STRINGDECODE('\u041d\u044c\u043e\u0443'), '12.06'),
(102, 264755203, 147523843, '14.06', 0, FALSE, NULL, STRINGDECODE('\u0424\u0438\u043d \u043e\u0442\u0447\u0451\u0442'), NULL, NULL, NULL),
(104, 293188753, 264755203, '12.06', 2, TRUE, 'AwADAgADfwADrubwSVURYvjAUurJAg', NULL, NULL, NULL, NULL),
(105, 62182672, 138630681, '12.06', 5, FALSE, NULL, STRINGDECODE('\u041e\u0442\u043f\u0440\u0430\u0432\u0438\u0442\u044c \u043c\u043d\u0435 \u0444\u0438\u043d \u043e\u0442\u0447\u0451\u0442'), STRINGDECODE('\u21a9\ufe0f \u041d\u0430\u0437\u0430\u0434'), STRINGDECODE('\u041e\u0442\u0447\u0451\u0442 \u043d\u0435 \u0432\u044b\u043f\u043e\u043b\u043d\u0435\u043d'), '12.06'),
(106, 293188753, 264755203, '12.06', 2, FALSE, NULL, STRINGDECODE('\u0422\u0435\u0441\u0442'), NULL, NULL, NULL),
(129, 274543892, 147523843, '17.06', 0, FALSE, NULL, STRINGDECODE('\u0426\u0444\u043f\u043a \u043d\u0430 \u0414\u043e\u0441\u0442\u044b\u043a'), NULL, NULL, NULL),
(130, 399071209, 147523843, '14.06', 0, FALSE, NULL, STRINGDECODE('\u0421\u043e\u0433\u043b\u0430\u0448\u0435\u043d\u0438\u0435 \u0441 \u0410\u0433\u0435\u043d\u0442\u043e\u043c'), NULL, NULL, NULL),
(131, 399071209, 147523843, '16.06', 0, FALSE, NULL, STRINGDECODE('\u041a\u043e\u043d\u0442\u0440\u0430\u043a\u0442 \u0441 \u0416\u0443\u0430\u043e'), NULL, NULL, NULL),
(133, 147523843, 147523843, '21.06', 0, FALSE, NULL, STRINGDECODE('\u041a\u0443\u043d\u0442'), NULL, NULL, NULL),
(135, 264755203, 147523843, '14.06', 0, FALSE, NULL, STRINGDECODE('\u0414\u043e\u0440\u0430\u0431\u043e\u0442\u0430\u0442\u044c \u0431\u043e\u0442 (\u0443\u0434\u0430\u043b\u0435\u043d\u0438\u0435 \u0438\u0437 \u0441\u043f\u0438\u0441\u043a\u0430 \u0441\u043e\u0442\u0440\u0443\u0434\u043d\u0438\u043a\u043e\u0432 , \u0441\u043e\u043a\u0440\u0430\u0449\u0435\u043d\u0438\u0435 \u043f\u0435\u0440\u0435\u0445\u043e\u0434\u043e\u0432 , \u0432\u0438\u0437\u0443\u0430\u043b\u0438\u0437\u0430\u0446\u0438\u044f \u0441\u043f\u0438\u0441\u043a\u0430 \u0437\u0430\u0434\u0430\u043d\u0438\u0439 \u0432 \u0411\u043b\u043e\u043a\u0438 : \u0437\u0430\u0434\u0430\u043d\u0438\u0435 / \u0441\u0440\u043e\u043a )'), NULL, NULL, NULL);              
INSERT INTO PUBLIC.TASK(ID, USER_ID, ADDED_BY_USER_ID, DEADLINE, STATUS, HAS_AUDIO, VOICE_ID, TEXT, REPORT, CAUSE, DATE_OF_COMPLETION) VALUES
(136, 264755203, 147523843, '14.06', 0, FALSE, NULL, STRINGDECODE('\u0421\u043f\u0438\u0441\u043e\u043a \u0441\u043e\u0442\u0440\u0443\u0434\u043d\u0438\u043a\u043e\u0432 \u0432 \u0432\u0438\u0434\u0435 \u0431\u043b\u043e\u043a\u043e\u0432 \n\u0414\u043e\u0431\u0430\u0432\u0438\u0442\u044c \u043d\u0443\u043c\u0435\u0440\u0430\u0446\u0438\u044e'), NULL, NULL, NULL),
(137, 264755203, 147523843, '14.06', 0, FALSE, NULL, STRINGDECODE('\u0414\u043b\u044f \u041a\u0430\u0436\u0434\u043e\u0433\u043e \u043d\u043e\u0432\u043e\u0433\u043e \u0434\u0435\u0439\u0441\u0442\u0432\u0438\u044f \u043d\u0443\u0436\u043d\u043e \u043e\u0447\u0435\u043d\u044c \u043c\u043d\u043e\u0433\u043e \u0434\u0435\u043b\u0430\u0442\u044c \u043f\u0435\u0440\u0435\u0445\u043e\u0434\u043e\u0432 \n\u041d\u0443\u0436\u043d\u043e \u0441\u043e\u043a\u0440\u0430\u0442\u0438\u0442\u044c \n\u0422\u0430\u043a \u0447\u0442\u043e\u0431\u044b \u043c\u0430\u043a\u0441 \u043f\u0440\u043e\u0441\u0442\u043e \u0438 \u0431\u044b\u0441\u0442\u0440\u043e \u043c\u043e\u0436\u043d\u043e \u0431\u044b\u043b\u043e \u0434\u043e\u0431\u0430\u0432\u043b\u044f\u0442\u044c \u0437\u0430\u0434\u0430\u043d\u0438\u044f , \u0438\u043d\u0444\u043e \u0432 \u0446\u0435\u043b\u043e\u043c'), NULL, NULL, NULL),
(139, 293188753, 264755203, '13.06', 0, FALSE, NULL, STRINGDECODE('\u0410\u0448\u0432\u0433\u0432\u0433'), NULL, NULL, NULL),
(134, 274543892, 147523843, '15.07', 0, FALSE, NULL, STRINGDECODE('\u0420\u0430\u0437\u0432\u0438\u0442\u044c \u041c\u0435\u0436\u0434\u0443\u043d\u0430\u0440\u043e\u0434\u043d\u044b\u0435 \u043f\u0435\u0440\u0435\u0432\u043e\u0437\u043a\u0438 (\u043d\u0430\u0439\u043c \u0441\u043e\u0442\u0440\u0443\u0434\u043d\u0438\u043a\u0430 , 3 \u043f\u043e\u0441\u0442\u043e\u044f\u043d\u043d\u044b\u0445 \u043a\u043b\u0438\u0435\u043d\u0442\u043e\u0432, 3 \u043f\u0430\u0440\u0442\u043d\u0451\u0440\u0430)'), NULL, NULL, NULL),
(140, 308095250, 264755203, '14.06', 2, TRUE, 'AwADAgADGgADypIISiCB5Y1pDMGlAg', NULL, NULL, NULL, NULL),
(141, 308095250, 264755203, '14.06', 0, FALSE, NULL, STRINGDECODE('\u0422\u0435\u0441\u0442'), NULL, NULL, NULL),
(142, 293188753, 264755203, '15.06', 0, FALSE, NULL, STRINGDECODE('\u0417\u0430\u0434\u0430\u043d\u0438\u044f 1'), NULL, NULL, NULL),
(143, 293188753, 264755203, '15.06', 3, FALSE, NULL, STRINGDECODE('\u0417\u0430\u0434\u0430\u043d\u0438\u0435 2'), NULL, STRINGDECODE('\u041d\u0430\u0436\u0430\u043b \u043a\u043d\u043e\u043f\u043a\u0443 \u0443\u0442\u043e\u0447\u043d\u0438\u0442\u044c'), NULL),
(144, 287415300, 147523843, '16.06', 0, FALSE, NULL, STRINGDECODE('\u0421\u0432\u043e\u0434 \u043e\u0442\u0447\u0451\u0442 \u043f\u043e 5\u0442\u0438 \u043c\u0438\u043d\u0443\u0442\u043a\u0430\u043c'), NULL, NULL, NULL),
(145, 126624827, 147523843, '20.06', 3, FALSE, NULL, STRINGDECODE('\u0421\u0444\u043e\u0440\u043c\u0443\u043b\u0438\u0440\u043e\u0432\u0430\u0442\u044c \u0446\u0435\u043b\u044c \ud83c\udfaf \u0438 \u043e\u0431\u043e\u0437\u043d\u0430\u0447\u0438\u0442\u044c \u043f\u0430\u0440\u0430\u043c\u0435\u0442\u0440\u0430\u043c\u0438 (\u043a\u0430\u0447\u0435\u0441\u0442\u0432\u043e , \u043a\u043e\u043b\u0438\u0447\u0435\u0441\u0442\u0432\u043e , \u0441\u0440\u043e\u043a)'), NULL, STRINGDECODE('\u041a\u043e\u043d\u043a\u0440\u0435\u0442\u043d\u0430\u044f \u043e\u0441\u044f\u0437\u0430\u0435\u043c\u0430\u044f \u0434\u043e\u0441\u0442\u0438\u0436\u0438\u043c\u0430\u044f \u0438\u0437\u043c\u0435\u0440\u0438\u043c\u0430\u044f \u043f\u043e\u043d\u044f\u0442\u043d\u0430\u044f \u043f\u043e\u0434\u0446\u0435\u043b\u044c (\u043f\u0440\u043e\u0435\u043a\u0442) \u043d\u0430 \u043f\u0443\u0442\u0438 \u043a \u0410\u0420\u0411'), NULL),
(147, 293188753, 264755203, '19.06', 0, TRUE, 'AwADAgADEwADYvZASq2EvnMZYojaAg', NULL, NULL, NULL, NULL),
(148, 308095250, 264755203, '20.06', 1, TRUE, 'AwADAgADFgADYvZISobj7ymtsGvmAg', NULL, STRINGDECODE('\u041c\u0440\u0433'), NULL, '20.06'),
(149, 147523843, 147523843, '25.06', 0, FALSE, NULL, STRINGDECODE('1) \u043f\u0435\u0440\u0435\u0444\u043e\u0440\u043c\u0443\u043b\u0438\u0440\u043e\u0432\u0430\u0442\u044c \u041c\u0438\u0441\u0441\u0438\u044e, \u0430\u043a\u0442\u0443\u0430\u043b\u0438\u0437\u0438\u0440\u043e\u0432\u0430\u0442\u044c 5\u041a, \u043f\u043e\u0432\u0435\u0441\u0442\u044c \u043d\u0430 \u0441\u0442\u0435\u043d\u0430\u0445 \u043e\u0444\u0438\u0441\u0430'), NULL, NULL, NULL);         
INSERT INTO PUBLIC.TASK(ID, USER_ID, ADDED_BY_USER_ID, DEADLINE, STATUS, HAS_AUDIO, VOICE_ID, TEXT, REPORT, CAUSE, DATE_OF_COMPLETION) VALUES
(151, 147523843, 147523843, '29.06', 0, FALSE, NULL, STRINGDECODE('\u041f\u0435\u0440\u0435\u0435\u0445\u0430\u0442\u044c \u0432 \u043d\u043e\u0432\u044b\u0439 \u043e\u0444\u0438\u0441 (\u041e\u043f\u0442\u0438\u043c\u043e\u0434\u0430\u043b\u0441 \u0440\u0430\u0441\u0441\u0430\u0434\u043a\u0430 , + \u0444\u0443\u0442\u0431\u043e\u043b , \u0410\u0439\u0442\u0438 , \u041f\u0430\u043d\u0434\u0430 \ud83d\udc3c) \n\u041f\u043e\u043b\u0443\u0447\u0438\u0442\u044c \u0441\u043a\u0438\u0434\u043a\u0443, \u043e\u0441\u0432\u0435\u0436\u0438\u0442\u044c \u0440\u0435\u043c\u043e\u043d\u0442'), NULL, NULL, NULL),
(152, 147523843, 147523843, '29.06', 0, FALSE, NULL, STRINGDECODE('\u042f\u043a\u043e\u0440\u043d\u044b\u0435 \u043a\u043b\u0438\u0435\u043d\u0442\u044b \u0434\u043b\u044f \u0431\u0438\u0438\u043c \u0431\u0440\u0430\u043d\u0434'), NULL, NULL, NULL),
(153, 147523843, 147523843, '27.06', 0, FALSE, NULL, STRINGDECODE('\u0420\u0430\u0441\u043f\u0440\u0435\u0434\u0435\u043b\u0435\u043d\u0438\u0435 \u0431\u043b\u043e\u043a\u043e\u0432 \u043f\u043e \u0434\u043d\u044f\u043c'), NULL, NULL, NULL),
(154, 147523843, 147523843, '29.06', 0, FALSE, NULL, STRINGDECODE('\u041f\u043e\u0441\u0442\u0430\u043d\u043e\u0432\u043a\u0430 \u0446\u0435\u043b\u0435\u0439 \u043d\u0430 \u043a\u0430\u0436\u0434\u044b\u0439 \u0431\u043b\u043e\u043a , \u0421\u041c\u0410\u0420\u0422\u043e\u0432\u0430\u043d\u0438\u0435 \u0446\u0435\u043b\u0435\u0439'), NULL, NULL, NULL),
(103, 240711759, 147523843, '14.06', 0, FALSE, NULL, STRINGDECODE('\u041f\u0435\u0440\u0435\u0435\u0445\u0430\u0442\u044c \u0432 \u043d\u043e\u0432\u044b\u0439 \u043e\u0444\u0438\u0441 (\u0434\u043e\u0433\u043e\u0432\u043e\u0440 , \u043c\u0435\u0431\u0435\u043b\u044c , \u0438\u043d\u0442\u0435\u0440\u043d\u0435\u0442 , \u0442\u0435\u043b\u0435\u0444\u043e\u043d\u0438\u044f , \u0432\u044b\u0432\u0435\u0441\u043a\u0430 , \u0440\u0435\u043a\u043b\u0430\u043c\u0430 , \u0443\u044e\u0442 , \u0434\u0438\u0437\u0430\u0439\u043d )'), NULL, NULL, NULL),
(138, 274543892, 147523843, '16.06', 0, FALSE, NULL, STRINGDECODE('\u0414\u0438\u0441\u043b\u043e\u043a\u0430\u0446\u0438\u044e \u041f\u0412 \u0441\u043a\u0438\u043d\u0443\u0442\u044c \u0418\u0433\u043e\u0440\u044e'), NULL, NULL, NULL),
(155, 240711759, 147523843, '27.06', 3, FALSE, NULL, STRINGDECODE('\u0420\u0430\u0437\u0440\u0430\u0431\u043e\u0442\u0430\u0442\u044c \u043b\u043e\u0433\u043e\u0442\u0438\u043f \u0438 \u0444\u0438\u0440\u043c \u0441\u0442\u0438\u043b\u044c \u0434\u043b\u044f \u0422\u041e\u041e \u041f\u0430\u043d\u0434\u0430 \ud83d\udc3c \n\u0422\u043e\u0440\u0433\u043e\u0432\u0430\u044f \u041a\u043e\u043c\u043f\u0430\u043d\u0438\u044f \u0438\u043c\u043f\u043e\u0440\u0442\u0451\u0440 1000 \u043c\u0435\u043b\u043e\u0447\u0435\u0439 \u0438\u0437 \u041a\u0438\u0442\u0430\u044f \u0438 \u0440\u0435\u0430\u043b\u0438\u0437\u0430\u0446\u0438\u044f \u0432 \u043c\u0430\u0433\u0430\u0437\u0438\u043d\u0430\u0445 \u0433\u043e\u0440\u043e\u0434\u0430'), NULL, 'Kairli kun', NULL),
(146, 147523843, 147523843, '20.06', 0, FALSE, NULL, STRINGDECODE('1) \u043f\u0435\u0440\u0435\u0434\u0430\u0442\u044c \u0430\u0443\u043a\u0446\u0438\u043e\u043d \u041e\u043c\u0430\u0440\u0443 \u0438 \u0416\u0430\u043d\u043d\u0435 \u0410\u0434\u043c \n2) \u0440\u0435\u0448\u0438\u0442\u044c \u0441 \u04102 ( \u0434\u0440\u0443\u0433\u043e\u0439 \u043c\u0435\u043d\u0435\u0434\u0436\u0435\u0440 , \u043f\u0440\u043e\u0442\u043e\u043a\u043e\u043b\u0430 , \u0421\u0445\u0435\u043c\u0430 \u0440\u0430\u0431\u043e\u0442\u044b) \n3) \u043c\u0430\u0440\u043a\u0435\u0442\u043e\u043b\u043e\u0433 \n4) \u043c\u0435\u0436\u0434\u0443\u043d\u0430\u0440\u043e\u0434\u043d\u0438\u043a \n5) \u0442\u0435\u043d\u0434\u0435\u0440 \u043d\u0435\u0444\u0442\u044c \n6) \u043a\u043e\u043d\u0442\u0440\u0430\u043a\u0442 \u0441 \u0416\u0443\u0430\u043e \n7) \u0433\u0440\u0430\u0444\u0438\u043a \u0441 \u0431\u0438\u043b \n8) \u0435\u043b\u0435\u0448 \u043d\u0430 \u0438\u0444\u0442\u0430\u0440 \n9)'), NULL, NULL, NULL);    
INSERT INTO PUBLIC.TASK(ID, USER_ID, ADDED_BY_USER_ID, DEADLINE, STATUS, HAS_AUDIO, VOICE_ID, TEXT, REPORT, CAUSE, DATE_OF_COMPLETION) VALUES
(150, 147523843, 147523843, '26.06', 0, FALSE, NULL, STRINGDECODE('\u0420\u0430\u0441\u0441\u0442\u0430\u043d\u043e\u0432\u043a\u0430 \u0442\u043e\u043f \u043f\u043e \u0444\u0443\u043d\u043a\u0446\u0438\u044f\u043c (\u044d\u0442\u0430\u043f\u0430\u043c) \u0441\u043e\u0433\u043b\u0430\u0441\u043d\u043e \u0432\u0440\u0430\u0436\u0434 \u0438 \u043f\u0440\u0438\u043e\u0431\u0440\u0435\u0442\u0451\u043d\u043d\u044b\u043c \u043a\u0430\u0447\u0435\u0441\u0442\u0432\u0430\u043c'), NULL, NULL, NULL),
(101, 264755203, 147523843, '14.06', 0, FALSE, NULL, STRINGDECODE('\u0417\u0430\u043a\u043b\u044e\u0447\u0438\u0442\u044c \u0434\u043e\u0433 \u0434\u0438\u043b\u0435\u0440\u0441\u0442\u0432\u0430 \u0441 \u0431\u0435\u043b\u044b\u0439 \u0432\u0435\u0442\u0435\u0440'), STRINGDECODE('\u041e\u0442\u043f\u0440\u0430\u0432\u0438\u043b \u0441\u043a\u0430\u043d'), STRINGDECODE('\u0416\u0434\u0443 \u0421\u043a\u0430\u043d \u0434\u043e\u0433\u043e\u0432\u043e\u0440\u0430'), '12.06'),
(132, 287459571, 147523843, '13.06', 0, FALSE, NULL, STRINGDECODE('\u0420\u0430\u0437\u0440\u0430\u0431\u043e\u0442\u0430\u0442\u044c \u0441\u0438\u0441\u0442\u0435\u043c\u0443 \u043a\u0432\u0430\u0440\u0442\u0430\u043b\u044c\u043d\u043e\u0433\u043e \u043f\u0440\u0435\u043c\u0438\u0440\u043e\u0432\u0430\u043d\u0438\u044f'), NULL, NULL, NULL),
(156, 240711759, 147523843, '27.06', 0, FALSE, NULL, STRINGDECODE('\u0420\u0430\u0437\u0440\u0430\u0431\u043e\u0442\u0430\u0442\u044c \u043b\u043e\u0433\u043e\u0442\u0438\u043f \u0438 \u0444\u0438\u0440\u043c \u0441\u0442\u0438\u043b\u044c \u0434\u043b\u044f \u0422\u041e\u041e \u041f\u0430\u043d\u0434\u0430 \ud83d\udc3c \n\u0422\u043e\u0440\u0433\u043e\u0432\u0430\u044f \u041a\u043e\u043c\u043f\u0430\u043d\u0438\u044f \u0438\u043c\u043f\u043e\u0440\u0442\u0451\u0440 1000 \u043c\u0435\u043b\u043e\u0447\u0435\u0439 \u0438\u0437 \u041a\u0438\u0442\u0430\u044f \u0438 \u0440\u0435\u0430\u043b\u0438\u0437\u0430\u0446\u0438\u044f \u0432 \u043c\u0430\u0433\u0430\u0437\u0438\u043d\u0430\u0445 \u0433\u043e\u0440\u043e\u0434\u0430'), NULL, NULL, NULL);    
CREATE CACHED TABLE PUBLIC.BUTTON(
    ID INT NOT NULL,
    TEXT TEXT,
    COMMAND_ID INT,
    URL TEXT,
    REQUEST_CONTACT BOOLEAN
); 
ALTER TABLE PUBLIC.BUTTON ADD CONSTRAINT PUBLIC.CONSTRAINT_7 PRIMARY KEY(ID); 
-- 26 +/- SELECT COUNT(*) FROM PUBLIC.BUTTON; 
INSERT INTO PUBLIC.BUTTON(ID, TEXT, COMMAND_ID, URL, REQUEST_CONTACT) VALUES
(1, '/start', 1, NULL, FALSE),
(10, STRINGDECODE('\u21a9\ufe0f \u041d\u0430\u0437\u0430\u0434'), 6, NULL, FALSE),
(43, STRINGDECODE('\ud83d\udcdd \u041d\u043e\u0432\u043e\u0435 \u0437\u0430\u0434\u0430\u043d\u0438\u0435'), 23, NULL, FALSE),
(44, STRINGDECODE('\ud83d\udccb \u0417\u0430\u0434\u0430\u043d\u0438\u044f'), 24, NULL, FALSE),
(45, STRINGDECODE('\ud83d\udc65 \u0421\u043e\u0442\u0440\u0443\u0434\u043d\u0438\u043a\u0438'), 25, NULL, FALSE),
(46, STRINGDECODE('\ud83d\udcca \u041e\u0442\u0447\u0435\u0442\u044b'), 26, NULL, FALSE),
(49, '/task', 23, NULL, FALSE),
(50, '/tasks', 24, NULL, FALSE),
(51, STRINGDECODE('\ud83c\udd97 \u041f\u0440\u0438\u043d\u044f\u0442\u044c'), 0, NULL, FALSE),
(52, STRINGDECODE('\u274c \u041e\u0442\u043a\u043b\u043e\u043d\u0438\u0442\u044c'), 0, NULL, FALSE),
(53, STRINGDECODE('\ud83d\udd01 \u041f\u0435\u0440\u0435\u0434\u0430\u0442\u044c \u0434\u0440\u0443\u0433\u043e\u043c\u0443'), 0, NULL, FALSE),
(54, STRINGDECODE('\u27a1\ufe0f \u0421\u043b\u0435\u0434\u0443\u044e\u0449\u0435\u0435 \u0437\u0430\u0434\u0430\u043d\u0438\u0435'), 0, NULL, FALSE),
(55, STRINGDECODE('\u2b05\ufe0f \u041f\u0440\u0435\u0434\u044b\u0434\u0443\u0449\u0435\u0435 \u0437\u0430\u0434\u0430\u043d\u0438\u0435'), 0, NULL, FALSE),
(56, STRINGDECODE('\u2705 \u0412\u044b\u043f\u043e\u043b\u043d\u0435\u043d\u043e'), 0, NULL, FALSE),
(57, STRINGDECODE('\u2795 \u0414\u043e\u0431\u0430\u0432\u0438\u0442\u044c \u0441\u043e\u0442\u0440\u0443\u0434\u043d\u0438\u043a\u0430'), 0, NULL, FALSE),
(58, STRINGDECODE('\ud83d\udcdd \u0421\u043f\u0438\u0441\u043e\u043a \u0441\u043e\u0442\u0440\u0443\u0434\u043d\u0438\u043a\u043e\u0432'), 0, NULL, FALSE),
(59, STRINGDECODE('\u274c \u0423\u0434\u0430\u043b\u0438\u0442\u044c \u0441\u043e\u0442\u0440\u0443\u0434\u043d\u0438\u043a\u0430'), 0, NULL, FALSE),
(60, STRINGDECODE('\u2705 \u0412\u044b\u043f\u043e\u043b\u043d\u0435\u043d\u043d\u044b\u0435'), 0, NULL, FALSE),
(61, STRINGDECODE('\u274c \u041d\u0435 \u0432\u044b\u043f\u043e\u043b\u043d\u0435\u043d\u043d\u044b\u0435'), 0, NULL, FALSE),
(62, STRINGDECODE('\ud83d\uddd2 \u0412\u0441\u0435 \u0437\u0430\u0434\u0430\u043d\u0438\u044f'), 0, NULL, FALSE),
(63, STRINGDECODE('\ud83d\udcea \u041c\u043e\u0438 \u0437\u0430\u0434\u0430\u043d\u0438\u044f'), 0, NULL, FALSE),
(64, STRINGDECODE('\ud83d\udee0 \u0417\u0430\u0434\u0430\u043d\u0438\u044f \u0434\u043b\u044f \u0440\u0430\u0431\u043e\u0442\u043d\u0438\u043a\u043e\u0432'), 0, NULL, FALSE),
(65, STRINGDECODE('\u041f\u0440\u0438\u043d\u044f\u0442\u044c'), 54, NULL, FALSE),
(66, STRINGDECODE('\u0423\u0442\u043e\u0447\u043d\u0438\u0442\u044c'), 54, NULL, FALSE),
(67, 'AdminAccept', 55, NULL, FALSE),
(68, 'AdminReject', 55, NULL, FALSE);       
CREATE CACHED TABLE PUBLIC.COMMAND(
    ID INT NOT NULL,
    COMMAND_TYPE_ID INT,
    MESSAGE_ID INT
);   
ALTER TABLE PUBLIC.COMMAND ADD CONSTRAINT PUBLIC.CONSTRAINT_6 PRIMARY KEY(ID);
-- 7 +/- SELECT COUNT(*) FROM PUBLIC.COMMAND; 
INSERT INTO PUBLIC.COMMAND(ID, COMMAND_TYPE_ID, MESSAGE_ID) VALUES
(1, 1, 5),
(23, 49, 0),
(24, 51, 0),
(25, 52, 0),
(26, 53, 0),
(54, 54, 0),
(55, 55, 0);            
CREATE CACHED TABLE PUBLIC.MESSAGE(
    ID INT NOT NULL,
    TEXT TEXT,
    PHOTO TEXT,
    KEYBOARD_ID INT
);           
ALTER TABLE PUBLIC.MESSAGE ADD CONSTRAINT PUBLIC.CONSTRAINT_63 PRIMARY KEY(ID);               
-- 54 +/- SELECT COUNT(*) FROM PUBLIC.MESSAGE;
INSERT INTO PUBLIC.MESSAGE(ID, TEXT, PHOTO, KEYBOARD_ID) VALUES
(5, STRINGDECODE('\u0413\u043b\u0430\u0432\u043d\u043e\u0435 \u043c\u0435\u043d\u044e'), NULL, 1),
(6, STRINGDECODE('\u0413\u043b\u0430\u0432\u043d\u043e\u0435 \u043c\u0435\u043d\u044e'), NULL, 2),
(7, STRINGDECODE('\u041a\u043e\u043c\u0430\u043d\u0434\u0430 \u043d\u0435 \u0440\u0430\u0441\u043f\u043e\u0437\u043d\u0430\u043d\u0430, \u0438\u043b\u0438 \u043d\u0435 \u0443\u0434\u0430\u043b\u043e\u0441\u044c \u043e\u0431\u0440\u0430\u0431\u043e\u0442\u0430\u0442\u044c \u0438\u043d\u0444\u043e\u0440\u043c\u0430\u0446\u0438\u044e'), NULL, 1),
(8, STRINGDECODE('\u041a\u043e\u043c\u0430\u043d\u0434\u0430 \u043d\u0435 \u0440\u0430\u0441\u043f\u043e\u0437\u043d\u0430\u043d\u0430, \u0438\u043b\u0438 \u043d\u0435 \u0443\u0434\u0430\u043b\u043e\u0441\u044c \u043e\u0431\u0440\u0430\u0431\u043e\u0442\u0430\u0442\u044c \u0438\u043d\u0444\u043e\u0440\u043c\u0430\u0446\u0438\u044e'), NULL, 2),
(9, STRINGDECODE('\u0417\u0430\u0434\u0430\u043d\u0438\u0438 \u043d\u0435\u0442'), NULL, 2),
(10, STRINGDECODE('\u0423 \u0432\u0430\u0441 \u043d\u0435\u0442 \u043f\u043e\u0434\u0447\u0438\u043d\u0435\u043d\u043d\u044b\u0445'), NULL, 0),
(76, STRINGDECODE('\u041e\u043f\u0438\u0448\u0438\u0442\u0435 \u0437\u0430\u0434\u0430\u043d\u0438\u0435 \u0438\u043b\u0438 \u0437\u0430\u043f\u0438\u0448\u0438\u0442\u0435 \u0433\u043e\u043b\u043e\u0441\u043e\u0432\u043e\u0435 \u0441\u043e\u043e\u0431\u0449\u0435\u043d\u0438\u0435 \u0434\u043b\u044f'), NULL, 2),
(77, STRINGDECODE('\u0412\u0432\u0435\u0434\u0438\u0442\u0435 \u0434\u0435\u0434\u043b\u0430\u0439\u043d'), NULL, 0),
(78, STRINGDECODE('\u0412\u044b\u0431\u0435\u0440\u0438\u0442\u0435 \u0440\u0430\u0431\u043e\u0442\u043d\u0438\u043a\u0430'), NULL, 2),
(79, STRINGDECODE('\u0417\u0430\u0434\u0430\u043d\u0438\u0435 \u0437\u0430\u043f\u0438\u0441\u0430\u043d\u043e'), NULL, 1),
(80, STRINGDECODE('\u0423 \u0432\u0430\u0441 \u043d\u043e\u0432\u043e\u0435 \u0437\u0430\u0434\u0430\u043d\u0438\u0435'), NULL, 0),
(81, STRINGDECODE('\u0412\u0430\u0448\u0438 \u0437\u0430\u0434\u0430\u043d\u0438\u044f: '), NULL, 15),
(82, STRINGDECODE('\u0417\u0430\u0434\u0430\u043d\u0438\u0438 \u043d\u0435\u0442'), NULL, 0),
(83, STRINGDECODE('\u0417\u0430\u0434\u0430\u043d\u0438\u0435 \u043e\u0442\u043a\u043b\u043e\u043d\u0435\u043d\u043e'), NULL, 0),
(84, STRINGDECODE('\u0417\u0430\u0434\u0430\u043d\u0438\u0435 \u0432\u044b\u043f\u043e\u043b\u043d\u0435\u043d\u043e'), NULL, 0),
(85, STRINGDECODE('\u0412\u044b\u043f\u043e\u043b\u043d\u0435\u043d\u043d\u044b\u0435 \u0437\u0430\u0434\u0430\u043d\u0438\u044f: '), NULL, 0),
(86, STRINGDECODE('\u041d\u0435\u0432\u044b\u043f\u043e\u043b\u043d\u0435\u043d\u043d\u044b\u0435 \u0437\u0430\u0434\u0430\u043d\u0438\u044f: '), NULL, 0),
(87, STRINGDECODE('\u041e\u0436\u0438\u0434\u0430\u044e\u0449\u0438\u0435 \u043f\u043e\u0434\u0442\u0432\u0435\u0440\u0436\u0434\u0435\u043d\u0438\u044f: '), NULL, 0),
(88, STRINGDECODE('\u0416\u0434\u0438\u0442\u0435...'), 'Null', 0),
(89, 'prev', NULL, 0),
(90, 'next', NULL, 0),
(91, STRINGDECODE('\u0414\u0430\u043b\u044c\u0448\u0435 \u0437\u0430\u043b\u0430\u043d\u0438\u0438 \u043d\u0435\u0442'), NULL, 0),
(92, STRINGDECODE('\u0412\u044b\u043f\u043e\u043b\u043d\u044f\u0435\u0442\u0441\u044f'), NULL, 0),
(93, STRINGDECODE('\u0412\u044b\u043f\u043e\u043b\u043d\u0435\u043d\u043e'), NULL, 0),
(94, STRINGDECODE('\u041e\u0436\u0438\u0434\u0430\u0435\u0442\u0441\u044f \u043f\u043e\u0434\u0442\u0432\u0435\u0440\u0436\u0434\u0435\u043d\u0438\u0435'), NULL, 0),
(95, STRINGDECODE('\u041e\u0442\u043a\u043b\u043e\u043d\u0435\u043d\u043e'), NULL, 0),
(96, STRINGDECODE('\u0417\u0430\u0434\u0430\u043d\u0438\u0435: '), NULL, 0),
(97, STRINGDECODE('\u041e\u0442\u0432\u0435\u0442\u0441\u0442\u0432\u0435\u043d\u043d\u044b\u0439: '), NULL, 0),
(98, STRINGDECODE('\u0414\u0435\u0434\u043b\u0430\u0439\u043d: '), NULL, 0),
(99, STRINGDECODE('\u0421\u0442\u0430\u0442\u0443\u0441: '), NULL, 0),
(100, STRINGDECODE('\u041c\u0435\u043d\u044e \u0440\u0430\u0431\u043e\u0447\u0438\u0445'), NULL, 16),
(101, STRINGDECODE('\u041e\u0442\u043f\u0440\u0430\u0432\u044c\u0442\u0435 \u043a\u043e\u043d\u0442\u0430\u043a\u0442 \u0441\u043e\u0442\u0440\u0443\u0434\u043d\u0438\u043a\u0430'), NULL, 2);              
INSERT INTO PUBLIC.MESSAGE(ID, TEXT, PHOTO, KEYBOARD_ID) VALUES
(102, STRINGDECODE('\u0421\u043e\u0442\u0440\u0443\u0434\u043d\u0438\u043a \u0434\u043e\u0431\u0430\u0432\u043b\u0435\u043d'), NULL, 0),
(103, STRINGDECODE('\u0414\u0430\u043d\u043d\u044b\u0439 \u043f\u043e\u043b\u044c\u0437\u043e\u0432\u0430\u0442\u0435\u043b\u044c \u043d\u0435 \u0437\u0430\u0440\u0435\u0433\u0438\u0441\u0442\u0440\u0438\u0440\u043e\u0432\u0430\u043d \u0432 Telegram'), NULL, 0),
(104, STRINGDECODE('\u0412\u044b\u0431\u0435\u0440\u0438\u0442\u0435 \u0441\u043e\u0442\u0440\u0443\u0434\u043d\u0438\u043a\u0430'), NULL, 2),
(105, STRINGDECODE('\u0421\u043e\u0442\u0440\u0443\u0434\u043d\u0438\u043a \u0443\u0434\u0430\u043b\u0435\u043d'), NULL, 0),
(106, STRINGDECODE('\u041e\u0442\u0447\u0435\u0442:'), NULL, 0),
(107, STRINGDECODE('\u041d\u0430\u043f\u0438\u0448\u0438\u0442\u0435 \u043e\u0442\u0447\u0435\u0442'), NULL, 0),
(108, STRINGDECODE('\u0417\u0430\u043a\u043e\u043d\u0447\u0435\u043d\u043e:'), NULL, 0),
(109, STRINGDECODE('\u0414\u0430\u043d\u043d\u044b\u0439 \u0440\u0430\u0431\u043e\u0442\u043d\u0438\u043a \u0443\u0436\u0435 \u0434\u043e\u0431\u0430\u0432\u043b\u0435\u043d'), NULL, 0),
(110, STRINGDECODE('\u0412\u044b\u043f\u043e\u043b\u043d\u044f\u044e\u0442\u0441\u044f \u0437\u0430\u0434\u0430\u043d\u0438\u044f: '), NULL, 0),
(111, STRINGDECODE('\u0412\u0441\u0435\u0433\u043e \u0437\u0430\u0434\u0430\u043d\u0438\u0438: '), NULL, 0),
(112, STRINGDECODE('\u0412\u044b\u043f\u043e\u043b\u043d\u0435\u043d\u043d\u044b\u0435 \u0432\u043e\u0432\u0440\u0435\u043c\u044f: '), NULL, 0),
(113, STRINGDECODE('\u0412\u044b\u0431\u0435\u0440\u0438\u0442\u0435 \u0441\u0442\u0430\u0442\u0443\u0441 \u0437\u0430\u0434\u0430\u043d\u0438\u044f'), NULL, 14),
(114, STRINGDECODE('\u0412\u044b\u0431\u0435\u0440\u0438\u0442\u0435, \u043a\u043e\u043c\u0443 \u043d\u0430\u0437\u043d\u0430\u0447\u0435\u043d\u044b \u0437\u0430\u0434\u0430\u043d\u0438\u044f'), NULL, 17),
(115, STRINGDECODE('\u041f\u0440\u0438\u0447\u0438\u043d\u0430: '), NULL, 0),
(116, STRINGDECODE('\u041e\u0436\u0438\u0434\u0430\u0435\u0442 \u043f\u043e\u0434\u0442\u0432\u0435\u0440\u0436\u0434\u0435\u043d\u0438\u044f \u043d\u0430\u0447\u0430\u043b\u044c\u043d\u0438\u043a\u0430'), NULL, 0),
(117, STRINGDECODE('\u041e\u0442\u043a\u043b\u043e\u043d\u0435\u043d\u043e \u043d\u0430\u0447\u0430\u043b\u044c\u043d\u0438\u043a\u043e\u043c'), NULL, 0),
(118, STRINGDECODE('\u041d\u0430\u043f\u0438\u0448\u0438\u0442\u0435 \u043f\u0440\u0438\u0447\u0438\u043d\u0443'), NULL, 0),
(119, STRINGDECODE('\u0417\u0430\u043a\u0440\u044b\u0442\u044c'), NULL, 0),
(120, STRINGDECODE('\u0418\u0437\u043c\u0435\u043d\u0438\u0442\u044c'), NULL, 0),
(121, STRINGDECODE('\u0418\u0437\u043c\u0435\u043d\u0438\u0442\u044c \u0438\u0441\u043f\u043e\u043b\u043d\u0438\u0442\u0435\u043b\u044f'), NULL, 0),
(122, STRINGDECODE('\u0413\u043e\u0442\u043e\u0432\u043e!'), NULL, 0),
(123, STRINGDECODE('\u0417\u0430\u0434\u0430\u043d\u0438\u0435 \u0437\u0430\u043a\u0440\u044b\u0442\u043e'), NULL, 0);       
CREATE CACHED TABLE PUBLIC.KEYBOARD(
    ID INT NOT NULL,
    BUTTON_IDS TEXT,
    INLINE BOOLEAN,
    COMMENT TEXT
);   
ALTER TABLE PUBLIC.KEYBOARD ADD CONSTRAINT PUBLIC.CONSTRAINT_4 PRIMARY KEY(ID);               
-- 7 +/- SELECT COUNT(*) FROM PUBLIC.KEYBOARD;
INSERT INTO PUBLIC.KEYBOARD(ID, BUTTON_IDS, INLINE, COMMENT) VALUES
(1, '43,44;45,46', FALSE, 'main'),
(2, '10', FALSE, 'back'),
(14, '60,61;62,10', FALSE, 'done or undone tasks'),
(15, '56;52,51;55,54;53,10', FALSE, 'task menu'),
(16, '57,58;59,10', FALSE, 'workers menu'),
(17, '63,64;10', FALSE, 'choose task type'),
(18, '65;66', TRUE, 'accept or reject task');          
CREATE CACHED TABLE PUBLIC.CONST(
    ID INT NOT NULL,
    TEXT TEXT
);    
ALTER TABLE PUBLIC.CONST ADD CONSTRAINT PUBLIC.CONSTRAINT_3 PRIMARY KEY(ID);  
-- 3 +/- SELECT COUNT(*) FROM PUBLIC.CONST;   
INSERT INTO PUBLIC.CONST(ID, TEXT) VALUES
(1, '29'),
(2, '308095250'),
(3, '43394658');    
